timestamp,sample_index,phase,frequency_hz,pulse_count,vmin,aperture_voltage
2026-06-18T11:43:00.568273,0,phase1_control,416666700.0,416666700.0,-0.0016,0.0142434
2026-06-18T11:43:01.686634,1,phase1_control,100000000.0,100000000.0,-0.0016,-0.1131043
2026-06-18T11:43:02.806422,2,phase1_control,56818200.0,56818200.0,-0.0008,0.130237
2026-06-18T11:43:03.927638,3,phase1_control,87719300.0,87719300.0,-0.0008,-0.0140794
2026-06-18T11:43:05.044899,4,phase1_control,357142900.0,357142900.0,-0.0016,0.2489819
2026-06-18T11:43:06.167807,5,phase1_control,1250000000.0,1250000000.0,-0.0016,0.1053835
2026-06-18T11:43:07.289843,6,phase1_control,39062500.0,39062500.0,-0.0008,0.0106981
2026-06-18T11:43:08.412558,7,phase1_control,192307700.0,192307700.0,-0.0008,0.0525383
2026-06-18T11:43:09.530434,8,phase1_control,92592600.0,92592600.0,-0.0008,-0.1254215
2026-06-18T11:43:10.650319,9,phase1_control,1250000000.0,1250000000.0,-0.0016,0.3206441
2026-06-18T11:43:11.770953,10,phase1_control,45454500.0,45454500.0,-0.0008,-0.0188589
2026-06-18T11:43:12.893046,11,phase1_control,23364500.0,23364500.0,-0.0008,-0.0892829
2026-06-18T11:43:14.016904,12,phase1_control,833333300.0,833333300.0,-0.0016,-0.0982228
2026-06-18T11:43:15.137910,13,phase1_control,1250000000.0,1250000000.0,-0.0016,0.1451435
2026-06-18T11:43:16.258704,14,phase1_control,312500000.0,312500000.0,-0.0016,0.2012381
2026-06-18T11:43:17.379719,15,phase1_control,312500000.0,312500000.0,-0.0016,0.0491019
2026-06-18T11:43:18.502305,16,phase1_control,909090900.0,909090900.0,-0.0016,0.1486429
2026-06-18T11:43:19.624109,17,phase1_control,357142900.0,357142900.0,-0.0008,-0.1377428
2026-06-18T11:43:20.746923,18,phase1_control,208333300.0,208333300.0,-0.0016,0.0166587
2026-06-18T11:43:21.869066,19,phase1_control,357142900.0,357142900.0,-0.0016,0.0803641
2026-06-18T11:43:22.991891,20,phase1_control,156250000.0,156250000.0,-0.0016,-0.0270407
2026-06-18T11:43:24.109745,21,phase1_control,15432100.0,15432100.0,-0.0024,0.0212781
2026-06-18T11:43:25.230249,22,phase1_control,500000000.0,500000000.0,-0.0016,-0.0578798
2026-06-18T11:43:26.348385,23,phase1_control,625000000.0,625000000.0,-0.0016,0.1146015
2026-06-18T11:43:27.471128,24,phase1_control,138888900.0,138888900.0,-0.0016,0.0193579
2026-06-18T11:43:28.593884,25,phase1_control,54347800.0,54347800.0,-0.0008,0.0591809
2026-06-18T11:43:29.714309,26,phase1_control,312500000.0,312500000.0,-0.0016,-0.0583788
2026-06-18T11:43:30.837596,27,phase1_control,625000000.0,625000000.0,-0.0016,-0.0979578
2026-06-18T11:43:31.958795,28,phase1_control,312500000.0,312500000.0,-0.0016,0.0390019
2026-06-18T11:43:33.079851,29,phase1_control,104166700.0,104166700.0,-0.0008,0.2087989
2026-06-18T11:43:34.197331,30,phase1_control,312500000.0,312500000.0,-0.0016,0.0609791
2026-06-18T11:43:35.322547,31,phase1_control,147058800.0,147058800.0,-0.0016,-0.2052975
2026-06-18T11:43:36.444390,32,phase1_control,416666700.0,416666700.0,-0.0016,0.0033413
2026-06-18T11:43:37.567228,33,phase1_control,56818200.0,56818200.0,-0.0008,0.0658006
2026-06-18T11:43:38.690458,34,phase1_control,66666700.0,66666700.0,-0.0008,-0.1015581
2026-06-18T11:43:39.809544,35,phase1_control,108695700.0,108695700.0,-0.0008,-0.1252615
2026-06-18T11:43:40.933051,36,phase1_control,38759700.0,38759700.0,-0.0008,0.0732583
2026-06-18T11:43:42.055756,37,phase1_control,131578900.0,131578900.0,-0.0008,0.1455645
2026-06-18T11:43:43.176187,38,phase1_control,500000000.0,500000000.0,-0.0016,-0.0068637
2026-06-18T11:43:44.300620,39,phase1_control,1250000000.0,1250000000.0,-0.0016,-0.1133023
2026-06-18T11:43:45.423530,40,phase1_control,104166700.0,104166700.0,-0.0008,-0.0267227
2026-06-18T11:43:46.546886,41,phase1_control,45454500.0,45454500.0,-0.0008,0.0195009
2026-06-18T11:43:47.669959,42,phase1_control,833333300.0,833333300.0,-0.0008,-0.1486369
2026-06-18T11:43:48.792663,43,phase1_control,47619000.0,47619000.0,-0.0008,0.0414612
2026-06-18T11:43:49.910912,44,phase1_control,1250000000.0,1250000000.0,-0.0008,0.119682
2026-06-18T11:43:51.033261,45,phase1_control,1250000000.0,1250000000.0,-0.0016,0.1742584
2026-06-18T11:43:52.153780,46,phase1_control,500000000.0,500000000.0,-0.0016,0.030218
2026-06-18T11:43:53.276062,47,phase1_control,322580600.0,322580600.0,-0.0008,-0.1787159
2026-06-18T11:43:54.396521,48,phase1_control,23809500.0,23809500.0,-0.0008,0.0963156
2026-06-18T11:43:55.514673,49,phase1_control,312500000.0,312500000.0,-0.0016,0.2569427
2026-06-18T11:43:56.639026,50,phase1_control,416666700.0,416666700.0,-0.0016,0.0523022
2026-06-18T11:43:57.761842,51,phase1_control,416666700.0,416666700.0,-0.0016,-0.2145404
2026-06-18T11:43:58.884648,52,phase1_control,833333300.0,833333300.0,-0.0016,-0.0164987
2026-06-18T11:44:00.008615,53,phase1_control,416666700.0,416666700.0,-0.0016,0.0355386
2026-06-18T11:44:01.131905,54,phase1_control,59523800.0,59523800.0,-0.0008,-0.1457776
2026-06-18T11:44:02.253466,55,phase1_control,250000000.0,250000000.0,-0.0016,0.0592209
2026-06-18T11:44:03.377269,56,phase1_control,312500000.0,312500000.0,-0.0008,0.1771217
2026-06-18T11:44:04.500608,57,phase1_control,666666700.0,666666700.0,-0.0008,-0.0075398
2026-06-18T11:44:05.621209,58,phase1_control,357142900.0,357142900.0,-0.0016,-0.0425983
2026-06-18T11:44:06.745000,59,phase1_control,625000000.0,625000000.0,-0.0016,0.0448385
2026-06-18T11:44:07.864380,60,phase1_control,100000000.0,100000000.0,-0.0008,0.0286429
2026-06-18T11:44:08.985992,61,phase1_control,416666700.0,416666700.0,-0.0016,0.0156796
2026-06-18T11:44:10.106740,62,phase1_control,1428600000.0,1428600000.0,-0.0016,-0.1350415
2026-06-18T11:44:11.230149,63,phase1_control,294117600.0,294117600.0,-0.0008,0.0089819
2026-06-18T11:44:12.347601,64,phase1_control,119047600.0,119047600.0,-0.0016,0.3072997
2026-06-18T11:44:13.472931,65,phase1_control,277777800.0,277777800.0,-0.0016,-0.0264026
2026-06-18T11:44:14.594649,66,phase1_control,75757600.0,75757600.0,-0.0008,-0.1841374
2026-06-18T11:44:15.716683,67,phase1_control,1250000000.0,1250000000.0,-0.0016,0.0277038
2026-06-18T11:44:16.838662,68,phase1_control,357142900.0,357142900.0,-0.0016,0.0823832
2026-06-18T11:44:17.961396,69,phase1_control,49019600.0,49019600.0,-0.0008,-0.0409431
2026-06-18T11:44:19.084415,70,phase1_control,416666700.0,416666700.0,-0.0008,-0.0358456
2026-06-18T11:44:20.204837,71,phase1_control,312500000.0,312500000.0,-0.0016,-0.0427373
2026-06-18T11:44:21.327088,72,phase1_control,42372900.0,42372900.0,-0.0008,0.109919
2026-06-18T11:44:22.448810,73,phase1_control,500000000.0,500000000.0,-0.0016,0.0126603
2026-06-18T11:44:23.572055,74,phase1_control,625000000.0,625000000.0,-0.0016,0.0161846
2026-06-18T11:44:24.692603,75,phase1_control,78125000.0,78125000.0,-0.0016,0.0033964
2026-06-18T11:44:25.810398,76,phase1_control,227272700.0,227272700.0,-0.0008,0.1705991
2026-06-18T11:44:26.930249,77,phase1_control,59523800.0,59523800.0,-0.0008,0.0452425
2026-06-18T11:44:28.053074,78,phase1_control,833333300.0,833333300.0,-0.0008,-0.0393409
2026-06-18T11:44:29.175930,79,phase1_control,263157900.0,263157900.0,-0.0008,-0.0254215
2026-06-18T11:44:30.298090,80,phase1_control,147058800.0,147058800.0,-0.0016,0.0058996
2026-06-18T11:44:31.421431,81,phase1_control,39682500.0,39682500.0,-0.0008,-0.0530983
2026-06-18T11:44:32.539776,82,phase1_control,1428600000.0,1428600000.0,-0.0016,-0.0926393
2026-06-18T11:44:33.672380,83,phase1_control,1250000000.0,1250000000.0,-0.0016,0.0876978
2026-06-18T11:44:34.794549,84,phase1_control,416666700.0,416666700.0,-0.0016,-0.0894409
2026-06-18T11:44:35.915700,85,phase1_control,312500000.0,312500000.0,-0.0016,0.0017982
2026-06-18T11:44:37.036712,86,phase1_control,1250000000.0,1250000000.0,-0.0016,0.2250765
2026-06-18T11:44:38.160027,87,phase1_control,625000000.0,625000000.0,-0.0008,0.0667167
2026-06-18T11:44:39.280726,88,phase1_control,44642900.0,44642900.0,-0.0008,-0.2124582
2026-06-18T11:44:40.401943,89,phase1_control,769230800.0,769230800.0,-0.0016,-0.0212591
2026-06-18T11:44:41.525822,90,phase1_control,344827600.0,344827600.0,-0.0016,0.1609561
2026-06-18T11:44:42.646906,91,phase1_control,50000000.0,50000000.0,-0.0008,-0.0313441
2026-06-18T11:44:43.766516,92,phase1_control,178571400.0,178571400.0,-0.0008,-0.1174417
2026-06-18T11:44:44.888584,93,phase1_control,86206900.0,86206900.0,-0.0016,-0.0421012
2026-06-18T11:44:46.009487,94,phase1_control,625000000.0,625000000.0,-0.0008,0.0659396
2026-06-18T11:44:47.132161,95,phase1_control,250000000.0,250000000.0,-0.0008,0.1672197
2026-06-18T11:44:48.253973,96,phase1_control,416666700.0,416666700.0,-0.0016,-0.0129653
2026-06-18T11:44:49.373722,97,phase1_control,45454500.0,45454500.0,-0.0016,0.0165996
2026-06-18T11:44:50.499910,98,phase1_control,131578900.0,131578900.0,-0.0008,0.1243184
2026-06-18T11:44:51.619291,99,phase1_control,65789500.0,65789500.0,-0.0016,0.0013011
